{
  "method": "zscore",
  "fit_scope": "training_reservoir_only",
  "ddof": 0,
  "imputation": "none",
  "transformation": "none",
  "clipping": "none",
  "zero_policy": "preserve",
  "channel_order": [
    "meanbp",
    "hrt",
    "resp",
    "temp",
    "wblc",
    "crea",
    "sod"
  ],
  "means": {
    "meanbp": 84.58150183150182,
    "hrt": 97.51761059453366,
    "resp": 23.489856297548606,
    "temp": 37.104031652578186,
    "wblc": 12.42725754218794,
    "crea": 1.7717229288334742,
    "sod": 137.5132431670893
  },
  "standard_deviations": {
    "meanbp": 27.75380864354266,
    "hrt": 31.49562510973881,
    "resp": 9.658261687784712,
    "temp": 1.2508137884561787,
    "wblc": 9.337688378401532,
    "crea": 1.685872495600794,
    "sod": 6.025250417652393
  }
}
